"id","nama","lokasi","telepon","nilai","pegawai","layanan","respon","imbalan","waktu_rekam","pegawai_id"
"5","Harimurty Rusli","PT. Pertamina Trans Kontinental","082291363057","5",,"1","cepat.","1","2023-12-07 09:26:40","13"
"6","Eddy Handoko","PT. Indotropic Fishery","085342456000","4",,"1","Pegawai sudah baik, hanya telat datang","1","2023-12-07 09:27:15","13"
"7","Duta Kusuma Putra","PT. Pelayaran Nasional Indonesia","081232349076","5",,"1","mantap","1","2023-12-07 09:27:31","13"
"8","Beni Arnadi","PT. Pertamina Trans Kontinental","081366009324","5",,"1","pegawai sudah bekerja sesuai SOP","1","2023-12-07 09:31:12","13"
"9","Yusi susilawati lamato","PT. Bumi Sarana Utama","082325793552","5",,"1","pegawai tepat waktu","1","2023-12-07 09:31:16","13"
"10","andi rahmat","PT. Meratus Line","08529929518","5",,"1","pegawai bekerja cepat","1","2023-12-07 09:36:07","13"
"11","Kumoro Ardwiwinata","PT. Pertamina Trans Kontinental","085256385449","5",,"1","tidak ada masalah","1","2024-01-13 09:09:31","15"
"12","Ashari Sugiman","PT. Pertamina Trans Kontinental","081242426272","5",,"1","aman, lancar","1","2024-01-22 12:13:01","19"
"13","Kumoro","PT. Pertamina Trans Kontinental","+62 852-5638-5449","5",,"1","Aman, pertahankan","1","2024-01-23 07:57:07","20"
"15","Ashari Sugiman ","PT. Pertamina Trans Kontinental","0812-4242-6272 ","5",,"1",,"1","2024-04-30 13:25:13","25"
"16","Kumoro Ardwiwinato","PT. MEDCO E&P TOMORI ","085256385449","4",,"1","Pelayanan prima dan monitoring pengunan aplikasi Ciesa 4.0","1","2024-05-02 16:15:49","26"
"17","Kumoro Ardwiwinata","PT. Panca Amara Utama","085256385449","5",,"1",,"1","2024-05-02 16:16:34","26"
"18","Ashari Sugiman ","PT. Pertamina Trans Kontinental","0812-4242-6272 ","5",,"1",,"1","2024-05-12 09:11:49","28"
"19","Mas Ganteng","PT. Panca Amara Utama","08230847645","3",,"1","PT.OK banget
Pegawai kurang ramah dalam pelayanan","1","2024-06-05 08:53:20","33"
"20","Kumoro Ardwi","PT. Pertamina Trans Kontinental","085256385449","4",,"1",,"1","2024-07-07 08:59:35","37"
"21","Kumoro","PT. Donggi Senoro","+62 852-5638-5449","5",,"1",,"1","2024-07-09 15:25:00","38"
"22","Ashari Sugiman ","PT. Pertamina Trans Kontinental","0812-4242-6272 ","5",,"1",,"1","2024-07-14 11:33:24","39"
"23","Wisnu N Eban","PT. MEDCO E&P TOMORI ","0818521999","5",,"1","Mendampingi ybs melakukan pemeriksaan fisik impor sementara PT Parindo Jaya Oil Well Solutions di JOB Pertamina Medco Tomori","1","2024-07-19 18:24:50","40"
"24","Ashari Sugiman ","PT. Pertamina Trans Kontinental","0812-4242-6272 ","5",,"1",,"1","2024-07-24 12:42:37","42"
"25","Ashari Sugiman ","PT. Pertamina Trans Kontinental","0812-4242-6272 ","5",,"1",,"1","2024-07-24 12:42:37","42"
"26","Ashari Sugiman ","PT. Pertamina Trans Kontinental","0812-4242-6272 ","5",,"1",,"1","2024-07-31 22:23:09","44"
"27","Kumoro Ardwi","PT. Panca Amara Utama","085256385449","5",,"1",,"1","2024-08-07 15:51:41","46"
"28","Kumoro","PT. Pertamina Trans Kontinental","085256385449","5",,"1","TEERIMA KASIH","1","2024-08-29 07:18:26","51"
"29","Ashari Sugiman ","PT. Pertamina Trans Kontinental","081242426272","5",,"1",,"1","2024-10-29 14:45:28","58"
"30","Ashari Sugiman ","PT. Pertamina Trans Kontinental","081242426272","5",,"1",,"1","2024-10-29 14:45:45","59"
"31","Poniman","Di Luar Perusahaan","-","5",,"1",,"1","2024-11-04 20:51:48","60"
"32","Poniman","Di Luar Perusahaan","-","5",,"1",,"1","2024-11-04 20:52:03","61"
"33","Poniman","Di Luar Perusahaan","-","5",,"1",,"1","2024-11-04 20:52:20","62"
"34","Kumoro Ardwi","PT. Pertamina Trans Kontinental","+62 852-5638-5449","5",,"1",,"1","2024-11-25 09:43:18","65"
"35","Kumo","PT. Pertamina Trans Kontinental","+62 852-5638-5449","5",,"1",,"1","2024-11-25 09:43:38","66"
"36","Ashari Sugiman","PT. Pertamina Trans Kontinental","+62 812-4242-6272","5",,"1",,"1","2024-12-01 09:01:48","68"
"37","Ashari Sugiman","PT. Pertamina Trans Kontinental","081242426272","5",,"1",,"1","2024-12-12 10:47:42","70"
"38","Ashari Sugiman ","PT. Pertamina Trans Kontinental","081242426272","5",,"1",,"1","2025-01-08 09:16:36","71"
"39","Ashari Sugiman ","PT. Pertamina Trans Kontinental","081242426272","5",,"1",,"1","2025-01-08 09:16:54","72"
"40","Ashari Sugiman","PT. Pertamina Trans Kontinental","081242426272","5",,"1",,"1","2025-02-08 21:53:38","76"
"41","Ashari Sugiman","PT. Pertamina Trans Kontinental","081242426272","5",,"1",,"1","2025-02-16 17:45:16","77"
"42","Ashari Sugiman","PT. Pertamina Trans Kontinental","081242426272","5",,"1",,"1","2025-02-16 17:45:30","78"
"43","Ashari Sugiman","PT. Pertamina Trans Kontinental","081242426272","5",,"1",,"1","2025-03-18 21:32:11","82"
"44","Ashari Sugiman","PT. Pertamina Trans Kontinental","081242426272","5",,"1",,"1","2025-03-18 21:32:29","83"
